href,name,position,rank,team
http://rotoworld.com/player/nfl/13045/josh-allen,Josh Allen,QB,1,Buffalo Bills
http://rotoworld.com/player/nfl/12220/nathan-peterman,Nathan Peterman,QB,2,Buffalo Bills
http://rotoworld.com/player/nfl/9290/aj-mccarron,A.J. McCarron,QB,3,Buffalo Bills
http://rotoworld.com/player/nfl/5168/lesean-mccoy,LeSean McCoy,RB,1,Buffalo Bills
http://rotoworld.com/player/nfl/6168/chris-ivory,Chris Ivory,RB,2,Buffalo Bills
http://rotoworld.com/player/nfl/7758/travaris-cadet,Travaris Cadet,RB,3,Buffalo Bills
http://rotoworld.com/player/nfl/10603/marcus-murphy,Marcus Murphy,RB,4,Buffalo Bills
http://rotoworld.com/player/nfl/6499/taiwan-jones,Taiwan Jones,RB,5,Buffalo Bills
http://rotoworld.com/player/nfl/9321/kelvin-benjamin,Kelvin Benjamin,WR1,1,Buffalo Bills
http://rotoworld.com/player/nfl/8148/rod-streater,Rod Streater,WR1,2,Buffalo Bills
http://rotoworld.com/player/nfl/6954/andre-holmes,Andre Holmes,WR1,3,Buffalo Bills
http://rotoworld.com/player/nfl/13289/ray-ray-mccloud,Ray-Ray McCloud,WR1,4,Buffalo Bills
http://rotoworld.com/player/nfl/12336/malachi-dupre,Malachi Dupre,WR1,5,Buffalo Bills
http://rotoworld.com/player/nfl/6551/jeremy-kerley,Jeremy Kerley,WR2,1,Buffalo Bills
http://rotoworld.com/player/nfl/11278/corey-coleman,Corey Coleman,WR2,2,Buffalo Bills
http://rotoworld.com/player/nfl/12246/zay-jones,Zay Jones,WR2,3,Buffalo Bills
http://rotoworld.com/player/nfl/12713/brandon-reilly,Brandon Reilly,WR2,4,Buffalo Bills
http://rotoworld.com/player/nfl/13354/austin-proehl,Austin Proehl,WR2,5,Buffalo Bills
http://rotoworld.com/player/nfl/11278/corey-coleman,Corey Coleman,WR3,1,Buffalo Bills
http://rotoworld.com/player/nfl/6681/charles-clay,Charles Clay,TE,1,Buffalo Bills
http://rotoworld.com/player/nfl/10568/nick-oleary,Nick O'Leary,TE,2,Buffalo Bills
http://rotoworld.com/player/nfl/9354/logan-thomas,Logan Thomas,TE,3,Buffalo Bills
http://rotoworld.com/player/nfl/10723/khari-lee,Khari Lee,TE,4,Buffalo Bills
http://rotoworld.com/player/nfl/12709/jason-croom,Jason Croom,TE,5,Buffalo Bills
http://rotoworld.com/player/nfl/5030/stephen-hauschka,Stephen Hauschka,K,1,Buffalo Bills
http://rotoworld.com/player/nfl/7417/ryan-tannehill,Ryan Tannehill,QB,1,Miami Dolphins
http://rotoworld.com/player/nfl/9359/david-fales,David Fales,QB,2,Miami Dolphins
http://rotoworld.com/player/nfl/7450/brock-osweiler,Brock Osweiler,QB,3,Miami Dolphins
http://rotoworld.com/player/nfl/10419/bryce-petty,Bryce Petty,QB,4,Miami Dolphins
http://rotoworld.com/player/nfl/11263/kenyan-drake,Kenyan Drake,RB,1,Miami Dolphins
http://rotoworld.com/player/nfl/3205/frank-gore,Frank Gore,RB,2,Miami Dolphins
http://rotoworld.com/player/nfl/13216/kalen-ballage,Kalen Ballage,RB,3,Miami Dolphins
http://rotoworld.com/player/nfl/10151/senorise-perry,Senorise Perry,RB,4,Miami Dolphins
http://rotoworld.com/player/nfl/10473/jeremy-langford,Jeremy Langford,RB,5,Miami Dolphins
http://rotoworld.com/player/nfl/8482/kenny-stills,Kenny Stills,WR1,1,Miami Dolphins
http://rotoworld.com/player/nfl/4991/danny-amendola,Danny Amendola,WR1,2,Miami Dolphins
http://rotoworld.com/player/nfl/11277/leonte-carroo,Leonte Carroo,WR1,3,Miami Dolphins
http://rotoworld.com/player/nfl/12339/isaiah-ford,Isaiah Ford,WR1,4,Miami Dolphins
http://rotoworld.com/player/nfl/12759/drew-morgan,Drew Morgan,WR1,5,Miami Dolphins
http://rotoworld.com/player/nfl/10415/devante-parker,DeVante Parker,WR2,1,Miami Dolphins
http://rotoworld.com/player/nfl/9572/albert-wilson,Albert Wilson,WR2,2,Miami Dolphins
http://rotoworld.com/player/nfl/11475/jakeem-grant,Jakeem Grant,WR2,3,Miami Dolphins
http://rotoworld.com/player/nfl/11596/rashawn-scott,Rashawn Scott,WR2,4,Miami Dolphins
http://rotoworld.com/player/nfl/12755/malcolm-lewis,Malcolm Lewis,WR2,5,Miami Dolphins
http://rotoworld.com/player/nfl/4991/danny-amendola,Danny Amendola,WR3,1,Miami Dolphins
http://rotoworld.com/player/nfl/13104/mike-gesicki,Mike Gesicki,TE,1,Miami Dolphins
http://rotoworld.com/player/nfl/8679/marqueis-gray,MarQueis Gray,TE,2,Miami Dolphins
http://rotoworld.com/player/nfl/10576/aj-derby,AJ Derby,TE,3,Miami Dolphins
http://rotoworld.com/player/nfl/13249/durham-smythe,Durham Smythe,TE,4,Miami Dolphins
http://rotoworld.com/player/nfl/11292/thomas-duarte,Thomas Duarte,TE,5,Miami Dolphins
http://rotoworld.com/player/nfl/13326/jason-sanders,Jason Sanders,K,1,Miami Dolphins
http://rotoworld.com/player/nfl/13705/greg-joseph,Greg Joseph,K,2,Miami Dolphins
http://rotoworld.com/player/nfl/1163/tom-brady,Tom Brady,QB,1,New England Patriots
http://rotoworld.com/player/nfl/5463/brian-hoyer,Brian Hoyer,QB,2,New England Patriots
http://rotoworld.com/player/nfl/13317/danny-etling,Danny Etling,QB,3,New England Patriots
http://rotoworld.com/player/nfl/9426/james-white,James White,RB,1,New England Patriots
http://rotoworld.com/player/nfl/8466/rex-burkhead,Rex Burkhead,RB,2,New England Patriots
http://rotoworld.com/player/nfl/13134/sony-michel,Sony Michel,RB,3,New England Patriots
http://rotoworld.com/player/nfl/9409/jeremy-hill,Jeremy Hill,RB,4,New England Patriots
http://rotoworld.com/player/nfl/8396/mike-gillislee,Mike Gillislee,RB,5,New England Patriots
http://rotoworld.com/player/nfl/5440/julian-edelman,Julian Edelman,WR1,1,New England Patriots
http://rotoworld.com/player/nfl/5819/eric-decker,Eric Decker,WR1,2,New England Patriots
http://rotoworld.com/player/nfl/10381/phillip-dorsett,Phillip Dorsett,WR1,3,New England Patriots
http://rotoworld.com/player/nfl/13308/braxton-berrios,Braxton Berrios,WR1,4,New England Patriots
http://rotoworld.com/player/nfl/11829/paul-turner,Paul Turner,WR1,5,New England Patriots
http://rotoworld.com/player/nfl/6902/chris-hogan,Chris Hogan,WR2,1,New England Patriots
http://rotoworld.com/player/nfl/8327/cordarrelle-patterson,Cordarrelle Patterson,WR2,2,New England Patriots
http://rotoworld.com/player/nfl/12896/riley-mccarron,Riley McCarron,WR2,3,New England Patriots
http://rotoworld.com/player/nfl/4904/matthew-slater,Matthew Slater,WR2,4,New England Patriots
http://rotoworld.com/player/nfl/11509/devin-lucien,Devin Lucien,WR2,5,New England Patriots
http://rotoworld.com/player/nfl/5729/rob-gronkowski,Rob Gronkowski,TE,1,New England Patriots
http://rotoworld.com/player/nfl/7452/dwayne-allen,Dwayne Allen,TE,2,New England Patriots
http://rotoworld.com/player/nfl/12491/jacob-hollister,Jacob Hollister,TE,3,New England Patriots
http://rotoworld.com/player/nfl/11056/will-tye,Will Tye,TE,4,New England Patriots
http://rotoworld.com/player/nfl/13349/ryan-izzo,Ryan Izzo,TE,5,New England Patriots
http://rotoworld.com/player/nfl/3937/stephen-gostkowski,Stephen Gostkowski,K,1,New England Patriots
http://rotoworld.com/player/nfl/13058/sam-darnold,Sam Darnold,QB,1,New York Jets
http://rotoworld.com/player/nfl/2090/josh-mccown,Josh McCown,QB,2,New York Jets
http://rotoworld.com/player/nfl/9274/teddy-bridgewater,Teddy Bridgewater,QB,3,New York Jets
http://rotoworld.com/player/nfl/6594/bilal-powell,Bilal Powell,RB,1,New York Jets
http://rotoworld.com/player/nfl/9401/isaiah-crowell,Isaiah Crowell,RB,2,New York Jets
http://rotoworld.com/player/nfl/10420/thomas-rawls,Thomas Rawls,RB,3,New York Jets
http://rotoworld.com/player/nfl/10006/charcandrick-west,Charcandrick West,RB,4,New York Jets
http://rotoworld.com/player/nfl/13304/trenton-cannon,Trenton Cannon,RB,5,New York Jets
http://rotoworld.com/player/nfl/12301/elijah-mcguire,Elijah McGuire,RB,6,New York Jets
http://rotoworld.com/player/nfl/11627/robby-anderson,Robby Anderson,WR1,1,New York Jets
http://rotoworld.com/player/nfl/12296/chad-hansen,Chad Hansen,WR1,2,New York Jets
http://rotoworld.com/player/nfl/6757/terrelle-pryor,Terrelle Pryor,WR1,3,New York Jets
http://rotoworld.com/player/nfl/11410/charone-peake,Charone Peake,WR1,4,New York Jets
http://rotoworld.com/player/nfl/10474/tre-mcbride,Tre McBride,WR1,5,New York Jets
http://rotoworld.com/player/nfl/9610/quincy-enunwa,Quincy Enunwa,WR2,1,New York Jets
http://rotoworld.com/player/nfl/7727/jermaine-kearse,Jermaine Kearse,WR2,2,New York Jets
http://rotoworld.com/player/nfl/12252/ardarius-stewart,ArDarius Stewart,WR2,3,New York Jets
http://rotoworld.com/player/nfl/5888/andre-roberts,Andre Roberts,WR2,4,New York Jets
http://rotoworld.com/player/nfl/10897/lucky-whitehead,Lucky Whitehead,WR2,5,New York Jets
http://rotoworld.com/player/nfl/7727/jermaine-kearse,Jermaine Kearse,WR3,1,New York Jets
http://rotoworld.com/player/nfl/10471/clive-walford,Clive Walford,TE,1,New York Jets
http://rotoworld.com/player/nfl/12307/jordan-leggett,Jordan Leggett,TE,2,New York Jets
http://rotoworld.com/player/nfl/10747/eric-tomlinson,Eric Tomlinson,TE,3,New York Jets
http://rotoworld.com/player/nfl/13228/chris-herndon,Chris Herndon,TE,4,New York Jets
http://rotoworld.com/player/nfl/10593/neal-sterling,Neal Sterling,TE,5,New York Jets
http://rotoworld.com/player/nfl/10436/jason-myers,Jason Myers,K,1,New York Jets
http://rotoworld.com/player/nfl/11586/taylor-bertolet,Taylor Bertolet,K,2,New York Jets
http://rotoworld.com/player/nfl/4677/joe-flacco,Joe Flacco,QB,1,Baltimore Ravens
http://rotoworld.com/player/nfl/13059/lamar-jackson,Lamar Jackson,QB,2,Baltimore Ravens
http://rotoworld.com/player/nfl/7406/robert-griffin-iii,Robert Griffin III,QB,3,Baltimore Ravens
http://rotoworld.com/player/nfl/11612/josh-woodrum,Josh Woodrum,QB,4,Baltimore Ravens
http://rotoworld.com/player/nfl/11279/alex-collins,Alex Collins,RB,1,Baltimore Ravens
http://rotoworld.com/player/nfl/10314/javorius-allen,Javorius Allen,RB,2,Baltimore Ravens
http://rotoworld.com/player/nfl/11284/kenneth-dixon,Kenneth Dixon,RB,3,Baltimore Ravens
http://rotoworld.com/player/nfl/13606/gus-edwards,Gus Edwards,RB,4,Baltimore Ravens
http://rotoworld.com/player/nfl/13605/mark-thompson,Mark Thompson,RB,5,Baltimore Ravens
http://rotoworld.com/player/nfl/5135/michael-crabtree,Michael Crabtree,WR1,1,Baltimore Ravens
http://rotoworld.com/player/nfl/9989/willie-snead,Willie Snead,WR1,2,Baltimore Ravens
http://rotoworld.com/player/nfl/11429/chris-moore,Chris Moore,WR1,3,Baltimore Ravens
http://rotoworld.com/player/nfl/13273/jordan-lasley,Jordan Lasley,WR1,4,Baltimore Ravens
http://rotoworld.com/player/nfl/12466/quincy-adeboyejo,Quincy Adeboyejo,WR1,5,Baltimore Ravens
http://rotoworld.com/player/nfl/9649/john-brown,John Brown,WR2,1,Baltimore Ravens
http://rotoworld.com/player/nfl/10357/breshad-perriman,Breshad Perriman,WR2,2,Baltimore Ravens
http://rotoworld.com/player/nfl/12643/tim-white,Tim White,WR2,3,Baltimore Ravens
http://rotoworld.com/player/nfl/13254/jaleel-scott,Jaleel Scott,WR2,4,Baltimore Ravens
http://rotoworld.com/player/nfl/7540/devier-posey,DeVier Posey,WR2,5,Baltimore Ravens
http://rotoworld.com/player/nfl/9989/willie-snead,Willie Snead,WR3,1,Baltimore Ravens
http://rotoworld.com/player/nfl/13098/hayden-hurst,Hayden Hurst,TE,1,Baltimore Ravens
http://rotoworld.com/player/nfl/10547/nick-boyle,Nick Boyle,TE,2,Baltimore Ravens
http://rotoworld.com/player/nfl/10298/maxx-williams,Maxx Williams,TE,3,Baltimore Ravens
http://rotoworld.com/player/nfl/13182/mark-andrews,Mark Andrews,TE,4,Baltimore Ravens
http://rotoworld.com/player/nfl/10412/vince-mayle,Vince Mayle,TE,5,Baltimore Ravens
http://rotoworld.com/player/nfl/8241/justin-tucker,Justin Tucker,K,1,Baltimore Ravens
http://rotoworld.com/player/nfl/6493/andy-dalton,Andy Dalton,QB,1,Cincinnati Bengals
http://rotoworld.com/player/nfl/7421/matt-barkley,Matt Barkley,QB,2,Cincinnati Bengals
http://rotoworld.com/player/nfl/11340/jeff-driskel,Jeff Driskel,QB,3,Cincinnati Bengals
http://rotoworld.com/player/nfl/13348/logan-woodside,Logan Woodside,QB,4,Cincinnati Bengals
http://rotoworld.com/player/nfl/12147/joe-mixon,Joe Mixon,RB,1,Cincinnati Bengals
http://rotoworld.com/player/nfl/8389/giovani-bernard,Giovani Bernard,RB,2,Cincinnati Bengals
http://rotoworld.com/player/nfl/13197/mark-walton,Mark Walton,RB,3,Cincinnati Bengals
http://rotoworld.com/player/nfl/11359/tra-carson,Tra Carson,RB,4,Cincinnati Bengals
http://rotoworld.com/player/nfl/12370/brian-hill,Brian Hill,RB,5,Cincinnati Bengals
http://rotoworld.com/player/nfl/6438/aj-green,A.J. Green,WR1,1,Cincinnati Bengals
http://rotoworld.com/player/nfl/12355/josh-malone,Josh Malone,WR1,2,Cincinnati Bengals
http://rotoworld.com/player/nfl/11487/cody-core,Cody Core,WR1,3,Cincinnati Bengals
http://rotoworld.com/player/nfl/13352/auden-tate,Auden Tate,WR1,4,Cincinnati Bengals
http://rotoworld.com/player/nfl/13427/karaun-white,Ka'Raun White,WR1,5,Cincinnati Bengals
http://rotoworld.com/player/nfl/12173/john-ross,John Ross,WR2,1,Cincinnati Bengals
http://rotoworld.com/player/nfl/11271/tyler-boyd,Tyler Boyd,WR2,2,Cincinnati Bengals
http://rotoworld.com/player/nfl/11614/alex-erickson,Alex Erickson,WR2,3,Cincinnati Bengals
http://rotoworld.com/player/nfl/12826/kermit-whitfield,Kermit Whitfield,WR2,4,Cincinnati Bengals
http://rotoworld.com/player/nfl/13721/devonte-boyd,Devonte Boyd,WR2,5,Cincinnati Bengals
http://rotoworld.com/player/nfl/11271/tyler-boyd,Tyler Boyd,WR3,1,Cincinnati Bengals
http://rotoworld.com/player/nfl/8408/tyler-eifert,Tyler Eifert,TE,1,Cincinnati Bengals
http://rotoworld.com/player/nfl/10490/tyler-kroft,Tyler Kroft,TE,2,Cincinnati Bengals
http://rotoworld.com/player/nfl/10534/cj-uzomah,C.J. Uzomah,TE,3,Cincinnati Bengals
http://rotoworld.com/player/nfl/12499/cethan-carter,Cethan Carter,TE,4,Cincinnati Bengals
http://rotoworld.com/player/nfl/12447/mason-schreck,Mason Schreck,TE,5,Cincinnati Bengals
http://rotoworld.com/player/nfl/7610/randy-bullock,Randy Bullock,K,1,Cincinnati Bengals
http://rotoworld.com/player/nfl/11971/jonathan-brown,Jonathan Brown,K,2,Cincinnati Bengals
http://rotoworld.com/player/nfl/6509/tyrod-taylor,Tyrod Taylor,QB,1,Cleveland Browns
http://rotoworld.com/player/nfl/4179/drew-stanton,Drew Stanton,QB,2,Cleveland Browns
http://rotoworld.com/player/nfl/13072/baker-mayfield,Baker Mayfield,QB,3,Cleveland Browns
http://rotoworld.com/player/nfl/13828/brogan-roback,Brogan Roback,QB,4,Cleveland Browns
http://rotoworld.com/player/nfl/9381/carlos-hyde,Carlos Hyde,RB,1,Cleveland Browns
http://rotoworld.com/player/nfl/10358/duke-johnson,Duke Johnson,RB,2,Cleveland Browns
http://rotoworld.com/player/nfl/13161/nick-chubb,Nick Chubb,RB,3,Cleveland Browns
http://rotoworld.com/player/nfl/12334/matt-dayes,Matt Dayes,RB,4,Cleveland Browns
http://rotoworld.com/player/nfl/13638/dontrell-hilliard,Dontrell Hilliard,RB,5,Cleveland Browns
http://rotoworld.com/player/nfl/9405/jarvis-landry,Jarvis Landry,WR1,1,Cleveland Browns
http://rotoworld.com/player/nfl/11384/rashard-higgins,Rashard Higgins,WR1,2,Cleveland Browns
http://rotoworld.com/player/nfl/12644/cj-board,C.J. Board,WR1,3,Cleveland Browns
http://rotoworld.com/player/nfl/13904/blake-jackson,Blake Jackson,WR1,4,Cleveland Browns
http://rotoworld.com/player/nfl/13642/derrick-willies,Derrick Willies,WR1,5,Cleveland Browns
http://rotoworld.com/player/nfl/8282/josh-gordon,Josh Gordon,WR2,1,Cleveland Browns
http://rotoworld.com/player/nfl/13108/antonio-callaway,Antonio Callaway,WR2,2,Cleveland Browns
http://rotoworld.com/player/nfl/9719/jeff-janis,Jeff Janis,WR2,3,Cleveland Browns
http://rotoworld.com/player/nfl/13281/damion-ratley,Damion Ratley,WR2,4,Cleveland Browns
http://rotoworld.com/player/nfl/13632/evan-berry,Evan Berry,WR2,5,Cleveland Browns
http://rotoworld.com/player/nfl/11384/rashard-higgins,Rashard Higgins,WR3,1,Cleveland Browns
http://rotoworld.com/player/nfl/12186/david-njoku,David Njoku,TE,1,Cleveland Browns
http://rotoworld.com/player/nfl/8472/darren-fells,Darren Fells,TE,2,Cleveland Browns
http://rotoworld.com/player/nfl/11444/seth-devalve,Seth DeValve,TE,3,Cleveland Browns
http://rotoworld.com/player/nfl/7457/orson-charles,Orson Charles,TE,4,Cleveland Browns
http://rotoworld.com/player/nfl/11551/devon-cajuste,Devon Cajuste,TE,5,Cleveland Browns
http://rotoworld.com/player/nfl/12425/zane-gonzalez,Zane Gonzalez,K,1,Cleveland Browns
http://rotoworld.com/player/nfl/11593/ross-martin,Ross Martin,K,2,Cleveland Browns
http://rotoworld.com/player/nfl/1181/ben-roethlisberger,Ben Roethlisberger,QB,1,Pittsburgh Steelers
http://rotoworld.com/player/nfl/7446/landry-jones,Landry Jones,QB,2,Pittsburgh Steelers
http://rotoworld.com/player/nfl/13075/mason-rudolph,Mason Rudolph,QB,3,Pittsburgh Steelers
http://rotoworld.com/player/nfl/12335/josh-dobbs,Josh Dobbs,QB,4,Pittsburgh Steelers
http://rotoworld.com/player/nfl/8390/leveon-bell,Le'Veon Bell,RB,1,Pittsburgh Steelers
http://rotoworld.com/player/nfl/12317/james-conner,James Conner,RB,2,Pittsburgh Steelers
http://rotoworld.com/player/nfl/10209/fitzgerald-toussaint,Fitzgerald Toussaint,RB,3,Pittsburgh Steelers
http://rotoworld.com/player/nfl/6487/stevan-ridley,Stevan Ridley,RB,4,Pittsburgh Steelers
http://rotoworld.com/player/nfl/13189/jaylen-samuels,Jaylen Samuels,RB,5,Pittsburgh Steelers
http://rotoworld.com/player/nfl/5698/antonio-brown,Antonio Brown,WR1,1,Pittsburgh Steelers
http://rotoworld.com/player/nfl/13153/james-washington,James Washington,WR1,2,Pittsburgh Steelers
http://rotoworld.com/player/nfl/5093/darrius-heyward-bey,Darrius Heyward-Bey,WR1,3,Pittsburgh Steelers
http://rotoworld.com/player/nfl/12655/trey-griffey,Trey Griffey,WR1,4,Pittsburgh Steelers
http://rotoworld.com/player/nfl/11900/tevin-jones,Tevin Jones,WR1,5,Pittsburgh Steelers
http://rotoworld.com/player/nfl/12184/juju-smith-schuster,JuJu Smith-Schuster,WR2,1,Pittsburgh Steelers
http://rotoworld.com/player/nfl/10753/eli-rogers,Eli Rogers,WR2,2,Pittsburgh Steelers
http://rotoworld.com/player/nfl/8415/justin-hunter,Justin Hunter,WR2,3,Pittsburgh Steelers
http://rotoworld.com/player/nfl/11962/marcus-tucker,Marcus Tucker,WR2,4,Pittsburgh Steelers
http://rotoworld.com/player/nfl/12952/justin-thomas,Justin Thomas,WR2,5,Pittsburgh Steelers
http://rotoworld.com/player/nfl/13153/james-washington,James Washington,WR3,1,Pittsburgh Steelers
http://rotoworld.com/player/nfl/8413/vance-mcdonald,Vance McDonald,TE,1,Pittsburgh Steelers
http://rotoworld.com/player/nfl/10403/jesse-james,Jesse James,TE,2,Pittsburgh Steelers
http://rotoworld.com/player/nfl/9614/xavier-grimble,Xavier Grimble,TE,3,Pittsburgh Steelers
http://rotoworld.com/player/nfl/12275/bucky-hodges,Bucky Hodges,TE,4,Pittsburgh Steelers
http://rotoworld.com/player/nfl/13695/pharoah-mckever,Pharoah McKever,TE,5,Pittsburgh Steelers
http://rotoworld.com/player/nfl/10118/chris-boswell,Chris Boswell,K,1,Pittsburgh Steelers
http://rotoworld.com/player/nfl/12151/deshaun-watson,Deshaun Watson,QB,1,Houston Texans
http://rotoworld.com/player/nfl/7480/brandon-weeden,Brandon Weeden,QB,2,Houston Texans
http://rotoworld.com/player/nfl/5857/joe-webb,Joe Webb,QB,3,Houston Texans
http://rotoworld.com/player/nfl/7408/lamar-miller,Lamar Miller,RB,1,Houston Texans
http://rotoworld.com/player/nfl/9685/alfred-blue,Alfred Blue,RB,2,Houston Texans
http://rotoworld.com/player/nfl/12282/donta-foreman,D'Onta Foreman,RB,3,Houston Texans
http://rotoworld.com/player/nfl/11355/tyler-ervin,Tyler Ervin,RB,4,Houston Texans
http://rotoworld.com/player/nfl/12111/troymaine-pope,Troymaine Pope,RB,5,Houston Texans
http://rotoworld.com/player/nfl/8404/deandre-hopkins,DeAndre Hopkins,WR1,1,Houston Texans
http://rotoworld.com/player/nfl/11261/braxton-miller,Braxton Miller,WR1,2,Houston Texans
http://rotoworld.com/player/nfl/9608/bruce-ellington,Bruce Ellington,WR1,3,Houston Texans
http://rotoworld.com/player/nfl/10285/sammie-coates,Sammie Coates,WR1,4,Houston Texans
http://rotoworld.com/player/nfl/13378/jester-weah,Jester Weah,WR1,5,Houston Texans
http://rotoworld.com/player/nfl/11295/will-fuller,Will Fuller,WR2,1,Houston Texans
http://rotoworld.com/player/nfl/13205/keke-coutee,Keke Coutee,WR2,2,Houston Texans
http://rotoworld.com/player/nfl/12944/chris-thompson,Chris Thompson,WR2,3,Houston Texans
http://rotoworld.com/player/nfl/10807/quan-bray,Quan Bray,WR2,4,Houston Texans
http://rotoworld.com/player/nfl/13746/vyncint-smith,Vyncint Smith,WR2,5,Houston Texans
http://rotoworld.com/player/nfl/11261/braxton-miller,Braxton Miller,WR3,1,Houston Texans
http://rotoworld.com/player/nfl/8600/ryan-griffin,Ryan Griffin,TE,1,Houston Texans
http://rotoworld.com/player/nfl/11556/stephen-anderson,Stephen Anderson,TE,2,Houston Texans
http://rotoworld.com/player/nfl/13238/jordan-akins,Jordan Akins,TE,3,Houston Texans
http://rotoworld.com/player/nfl/10868/matt-lengel,Matt Lengel,TE,4,Houston Texans
http://rotoworld.com/player/nfl/13309/jordan-thomas,Jordan Thomas,TE,5,Houston Texans
http://rotoworld.com/player/nfl/11602/kaimi-fairbairn,Ka'imi Fairbairn,K,1,Houston Texans
http://rotoworld.com/player/nfl/11809/nick-rose,Nick Rose,K,2,Houston Texans
http://rotoworld.com/player/nfl/6439/andrew-luck,Andrew Luck,QB,1,Indianapolis Colts
http://rotoworld.com/player/nfl/11341/jacoby-brissett,Jacoby Brissett,QB,2,Indianapolis Colts
http://rotoworld.com/player/nfl/12666/phillip-walker,Phillip Walker,QB,3,Indianapolis Colts
http://rotoworld.com/player/nfl/12308/marlon-mack,Marlon Mack,RB,1,Indianapolis Colts
http://rotoworld.com/player/nfl/8469/christine-michael,Christine Michael,RB,2,Indianapolis Colts
http://rotoworld.com/player/nfl/13209/nyheim-hines,Nyheim Hines,RB,3,Indianapolis Colts
http://rotoworld.com/player/nfl/13276/jordan-wilkins,Jordan Wilkins,RB,4,Indianapolis Colts
http://rotoworld.com/player/nfl/7423/robert-turbin,Robert Turbin,RB,5,Indianapolis Colts
http://rotoworld.com/player/nfl/7558/ty-hilton,T.Y. Hilton,WR1,1,Indianapolis Colts
http://rotoworld.com/player/nfl/12001/kj-brent,K.J. Brent,WR1,2,Indianapolis Colts
http://rotoworld.com/player/nfl/9721/james-wright,James Wright,WR1,3,Indianapolis Colts
http://rotoworld.com/player/nfl/12489/krishawn-hogan,Krishawn Hogan,WR1,4,Indianapolis Colts
http://rotoworld.com/player/nfl/13555/steve-ishmael,Steve Ishmael,WR1,5,Indianapolis Colts
http://rotoworld.com/player/nfl/9666/ryan-grant,Ryan Grant,WR2,1,Indianapolis Colts
http://rotoworld.com/player/nfl/11753/chester-rogers,Chester Rogers,WR2,2,Indianapolis Colts
http://rotoworld.com/player/nfl/13222/daurice-fountain,Daurice Fountain,WR2,3,Indianapolis Colts
http://rotoworld.com/player/nfl/10717/kasen-williams,Kasen Williams,WR2,4,Indianapolis Colts
http://rotoworld.com/player/nfl/8597/cobi-hamilton,Cobi Hamilton,WR2,5,Indianapolis Colts
http://rotoworld.com/player/nfl/11753/chester-rogers,Chester Rogers,WR3,1,Indianapolis Colts
http://rotoworld.com/player/nfl/9075/jack-doyle,Jack Doyle,TE,1,Indianapolis Colts
http://rotoworld.com/player/nfl/9390/eric-ebron,Eric Ebron,TE,2,Indianapolis Colts
http://rotoworld.com/player/nfl/9792/erik-swoope,Erik Swoope,TE,3,Indianapolis Colts
http://rotoworld.com/player/nfl/12453/darrell-daniels,Darrell Daniels,TE,4,Indianapolis Colts
http://rotoworld.com/player/nfl/11245/ross-travis,Ross Travis,TE,5,Indianapolis Colts
http://rotoworld.com/player/nfl/1152/adam-vinatieri,Adam Vinatieri,K,1,Indianapolis Colts
http://rotoworld.com/player/nfl/13410/mike-badgley,Mike Badgley,K,2,Indianapolis Colts
http://rotoworld.com/player/nfl/9320/blake-bortles,Blake Bortles,QB,1,Jacksonville Jaguars
http://rotoworld.com/player/nfl/11305/cody-kessler,Cody Kessler,QB,2,Jacksonville Jaguars
http://rotoworld.com/player/nfl/13303/tanner-lee,Tanner Lee,QB,3,Jacksonville Jaguars
http://rotoworld.com/player/nfl/12132/leonard-fournette,Leonard Fournette,RB,1,Jacksonville Jaguars
http://rotoworld.com/player/nfl/10311/tj-yeldon,T.J. Yeldon,RB,2,Jacksonville Jaguars
http://rotoworld.com/player/nfl/10678/corey-grant,Corey Grant,RB,3,Jacksonville Jaguars
http://rotoworld.com/player/nfl/11682/brandon-wilds,Brandon Wilds,RB,4,Jacksonville Jaguars
http://rotoworld.com/player/nfl/12541/tim-cook,Tim Cook,RB,5,Jacksonville Jaguars
http://rotoworld.com/player/nfl/9402/marqise-lee,Marqise Lee,WR1,1,Jacksonville Jaguars
http://rotoworld.com/player/nfl/12539/keelan-cole,Keelan Cole,WR1,2,Jacksonville Jaguars
http://rotoworld.com/player/nfl/13096/dj-chark,D.J. Chark,WR1,3,Jacksonville Jaguars
http://rotoworld.com/player/nfl/10397/rashad-greene,Rashad Greene,WR1,4,Jacksonville Jaguars
http://rotoworld.com/player/nfl/13226/allen-lazard,Allen Lazard,WR1,5,Jacksonville Jaguars
http://rotoworld.com/player/nfl/12331/dede-westbrook,Dede Westbrook,WR2,1,Jacksonville Jaguars
http://rotoworld.com/player/nfl/9427/donte-moncrief,Donte Moncrief,WR2,2,Jacksonville Jaguars
http://rotoworld.com/player/nfl/12026/jaydon-mickens,Jaydon Mickens,WR2,3,Jacksonville Jaguars
http://rotoworld.com/player/nfl/10926/shane-wynn,Shane Wynn,WR2,4,Jacksonville Jaguars
http://rotoworld.com/player/nfl/10430/deandre-smelter,DeAndre Smelter,WR2,5,Jacksonville Jaguars
http://rotoworld.com/player/nfl/12539/keelan-cole,Keelan Cole,WR3,1,Jacksonville Jaguars
http://rotoworld.com/player/nfl/9400/austin-seferian-jenkins,Austin Seferian-Jenkins,TE,1,Jacksonville Jaguars
http://rotoworld.com/player/nfl/6661/niles-paul,Niles Paul,TE,2,Jacksonville Jaguars
http://rotoworld.com/player/nfl/10549/james-oshaughnessy,James O'Shaughnessy,TE,3,Jacksonville Jaguars
http://rotoworld.com/player/nfl/10601/ben-koyack,Ben Koyack,TE,4,Jacksonville Jaguars
http://rotoworld.com/player/nfl/11585/david-grinnage,David Grinnage,TE,5,Jacksonville Jaguars
http://rotoworld.com/player/nfl/10708/josh-lambo,Josh Lambo,K,1,Jacksonville Jaguars
http://rotoworld.com/player/nfl/9385/marcus-mariota,Marcus Mariota,QB,1,Tennessee Titans
http://rotoworld.com/player/nfl/6451/blaine-gabbert,Blaine Gabbert,QB,2,Tennessee Titans
http://rotoworld.com/player/nfl/13215/luke-falk,Luke Falk,QB,3,Tennessee Titans
http://rotoworld.com/player/nfl/6483/dion-lewis,Dion Lewis,RB,1,Tennessee Titans
http://rotoworld.com/player/nfl/11238/derrick-henry,Derrick Henry,RB,2,Tennessee Titans
http://rotoworld.com/player/nfl/9616/david-fluellen,David Fluellen,RB,3,Tennessee Titans
http://rotoworld.com/player/nfl/13214/akrum-wadley,Akrum Wadley,RB,4,Tennessee Titans
http://rotoworld.com/player/nfl/13765/dalyn-dawkins,Dalyn Dawkins,RB,5,Tennessee Titans
http://rotoworld.com/player/nfl/12169/corey-davis,Corey Davis,WR1,1,Tennessee Titans
http://rotoworld.com/player/nfl/11325/tajae-sharpe,Tajae Sharpe,WR1,2,Tennessee Titans
http://rotoworld.com/player/nfl/8982/nick-williams,Nick Williams,WR1,3,Tennessee Titans
http://rotoworld.com/player/nfl/11046/darius-jennings,Darius Jennings,WR1,4,Tennessee Titans
http://rotoworld.com/player/nfl/13384/deontay-burnett,Deontay Burnett,WR1,5,Tennessee Titans
http://rotoworld.com/player/nfl/7667/rishard-matthews,Rishard Matthews,WR2,1,Tennessee Titans
http://rotoworld.com/player/nfl/12203/taywan-taylor,Taywan Taylor,WR2,2,Tennessee Titans
http://rotoworld.com/player/nfl/9594/michael-campanaro,Michael Campanaro,WR2,3,Tennessee Titans
http://rotoworld.com/player/nfl/11926/brandon-shippen,Brandon Shippen,WR2,4,Tennessee Titans
http://rotoworld.com/player/nfl/13769/jordan-veasy,Jordan Veasy,WR2,5,Tennessee Titans
http://rotoworld.com/player/nfl/12203/taywan-taylor,Taywan Taylor,WR3,1,Tennessee Titans
http://rotoworld.com/player/nfl/3976/delanie-walker,Delanie Walker,TE,1,Tennessee Titans
http://rotoworld.com/player/nfl/12344/jonnu-smith,Jonnu Smith,TE,2,Tennessee Titans
http://rotoworld.com/player/nfl/6552/luke-stocker,Luke Stocker,TE,3,Tennessee Titans
http://rotoworld.com/player/nfl/11062/tim-semisch,Tim Semisch,TE,4,Tennessee Titans
http://rotoworld.com/player/nfl/13770/ethan-wolf,Ethan Wolf,TE,5,Tennessee Titans
http://rotoworld.com/player/nfl/5461/ryan-succop,Ryan Succop,K,1,Tennessee Titans
http://rotoworld.com/player/nfl/13771/austin-barnard,Austin Barnard,K,2,Tennessee Titans
http://rotoworld.com/player/nfl/7696/case-keenum,Case Keenum,QB,1,Denver Broncos
http://rotoworld.com/player/nfl/12217/chad-kelly,Chad Kelly,QB,2,Denver Broncos
http://rotoworld.com/player/nfl/11206/paxton-lynch,Paxton Lynch,QB,3,Denver Broncos
http://rotoworld.com/player/nfl/11270/devontae-booker,Devontae Booker,RB,1,Denver Broncos
http://rotoworld.com/player/nfl/13172/royce-freeman,Royce Freeman,RB,2,Denver Broncos
http://rotoworld.com/player/nfl/13357/phillip-lindsay,Phillip Lindsay,RB,3,Denver Broncos
http://rotoworld.com/player/nfl/12405/deangelo-henderson,De'Angelo Henderson,RB,4,Denver Broncos
http://rotoworld.com/player/nfl/13324/david-williams,David Williams,RB,5,Denver Broncos
http://rotoworld.com/player/nfl/5700/demaryius-thomas,Demaryius Thomas,WR1,1,Denver Broncos
http://rotoworld.com/player/nfl/13129/courtland-sutton,Courtland Sutton,WR1,2,Denver Broncos
http://rotoworld.com/player/nfl/12501/tim-patrick,Tim Patrick,WR1,3,Denver Broncos
http://rotoworld.com/player/nfl/13560/john-diarse,John Diarse,WR1,4,Denver Broncos
http://rotoworld.com/player/nfl/10929/jordan-leslie,Jordan Leslie,WR1,5,Denver Broncos
http://rotoworld.com/player/nfl/5885/emmanuel-sanders,Emmanuel Sanders,WR2,1,Denver Broncos
http://rotoworld.com/player/nfl/13174/daesean-hamilton,DaeSean Hamilton,WR2,2,Denver Broncos
http://rotoworld.com/player/nfl/12202/carlos-henderson,Carlos Henderson,WR2,3,Denver Broncos
http://rotoworld.com/player/nfl/13054/river-cracraft,River Cracraft,WR2,4,Denver Broncos
http://rotoworld.com/player/nfl/12380/isaiah-mckenzie,Isaiah McKenzie,WR2,5,Denver Broncos
http://rotoworld.com/player/nfl/13129/courtland-sutton,Courtland Sutton,WR3,1,Denver Broncos
http://rotoworld.com/player/nfl/12254/jake-butt,Jake Butt,TE,1,Denver Broncos
http://rotoworld.com/player/nfl/12057/austin-traylor,Austin Traylor,TE,2,Denver Broncos
http://rotoworld.com/player/nfl/10492/jeff-heuerman,Jeff Heuerman,TE,3,Denver Broncos
http://rotoworld.com/player/nfl/13270/troy-fumagalli,Troy Fumagalli,TE,4,Denver Broncos
http://rotoworld.com/player/nfl/10980/matt-lacosse,Matt LaCosse,TE,5,Denver Broncos
http://rotoworld.com/player/nfl/8912/brandon-mcmanus,Brandon McManus,K,1,Denver Broncos
http://rotoworld.com/player/nfl/12142/patrick-mahomes,Patrick Mahomes,QB,1,Kansas City Chiefs
http://rotoworld.com/player/nfl/4684/chad-henne,Chad Henne,QB,2,Kansas City Chiefs
http://rotoworld.com/player/nfl/9194/matt-mcgloin,Matt McGloin,QB,3,Kansas City Chiefs
http://rotoworld.com/player/nfl/13388/chase-litton,Chase Litton,QB,4,Kansas City Chiefs
http://rotoworld.com/player/nfl/12295/kareem-hunt,Kareem Hunt,RB,1,Kansas City Chiefs
http://rotoworld.com/player/nfl/8594/spencer-ware,Spencer Ware,RB,2,Kansas City Chiefs
http://rotoworld.com/player/nfl/9570/damien-williams,Damien Williams,RB,3,Kansas City Chiefs
http://rotoworld.com/player/nfl/8486/kerwynn-williams,Kerwynn Williams,RB,4,Kansas City Chiefs
http://rotoworld.com/player/nfl/13668/darrel-williams,Darrel Williams,RB,5,Kansas City Chiefs
http://rotoworld.com/player/nfl/11458/tyreek-hill,Tyreek Hill,WR1,1,Kansas City Chiefs
http://rotoworld.com/player/nfl/10432/chris-conley,Chris Conley,WR1,2,Kansas City Chiefs
http://rotoworld.com/player/nfl/9410/deanthony-thomas,De'Anthony Thomas,WR1,3,Kansas City Chiefs
http://rotoworld.com/player/nfl/11514/daniel-braverman,Daniel Braverman,WR1,4,Kansas City Chiefs
http://rotoworld.com/player/nfl/13666/byron-pringle,Byron Pringle,WR1,5,Kansas City Chiefs
http://rotoworld.com/player/nfl/9388/sammy-watkins,Sammy Watkins,WR2,1,Kansas City Chiefs
http://rotoworld.com/player/nfl/11438/demarcus-robinson,Demarcus Robinson,WR2,2,Kansas City Chiefs
http://rotoworld.com/player/nfl/12362/jehu-chesson,Jehu Chesson,WR2,3,Kansas City Chiefs
http://rotoworld.com/player/nfl/12790/marcus-kemp,Marcus Kemp,WR2,4,Kansas City Chiefs
http://rotoworld.com/player/nfl/12472/gehrig-dieter,Gehrig Dieter,WR2,5,Kansas City Chiefs
http://rotoworld.com/player/nfl/10432/chris-conley,Chris Conley,WR3,1,Kansas City Chiefs
http://rotoworld.com/player/nfl/8411/travis-kelce,Travis Kelce,TE,1,Kansas City Chiefs
http://rotoworld.com/player/nfl/8683/demetrius-harris,Demetrius Harris,TE,2,Kansas City Chiefs
http://rotoworld.com/player/nfl/8850/tim-wright,Tim Wright,TE,3,Kansas City Chiefs
http://rotoworld.com/player/nfl/9397/jace-amaro,Jace Amaro,TE,4,Kansas City Chiefs
http://rotoworld.com/player/nfl/11995/alex-ellis,Alex Ellis,TE,5,Kansas City Chiefs
http://rotoworld.com/player/nfl/12433/harrison-butker,Harrison Butker,K,1,Kansas City Chiefs
http://rotoworld.com/player/nfl/1813/philip-rivers,Philip Rivers,QB,1,Los Angeles Chargers
http://rotoworld.com/player/nfl/8326/geno-smith,Geno Smith,QB,2,Los Angeles Chargers
http://rotoworld.com/player/nfl/10325/cardale-jones,Cardale Jones,QB,3,Los Angeles Chargers
http://rotoworld.com/player/nfl/13377/nic-shimonek,Nic Shimonek,QB,4,Los Angeles Chargers
http://rotoworld.com/player/nfl/10284/melvin-gordon,Melvin Gordon,RB,1,Los Angeles Chargers
http://rotoworld.com/player/nfl/12563/austin-ekeler,Austin Ekeler,RB,2,Los Angeles Chargers
http://rotoworld.com/player/nfl/13350/justin-jackson,Justin Jackson,RB,3,Los Angeles Chargers
http://rotoworld.com/player/nfl/13816/detrez-newsome,Detrez Newsome,RB,4,Los Angeles Chargers
http://rotoworld.com/player/nfl/11592/russell-hansbrough,Russell Hansbrough,RB,5,Los Angeles Chargers
http://rotoworld.com/player/nfl/8379/keenan-allen,Keenan Allen,WR1,1,Los Angeles Chargers
http://rotoworld.com/player/nfl/7562/travis-benjamin,Travis Benjamin,WR1,2,Los Angeles Chargers
http://rotoworld.com/player/nfl/12471/artavis-scott,Artavis Scott,WR1,3,Los Angeles Chargers
http://rotoworld.com/player/nfl/11570/nelson-spruce,Nelson Spruce,WR1,4,Los Angeles Chargers
http://rotoworld.com/player/nfl/13030/justice-liggins,Justice Liggins,WR1,5,Los Angeles Chargers
http://rotoworld.com/player/nfl/10694/tyrell-williams,Tyrell Williams,WR2,1,Los Angeles Chargers
http://rotoworld.com/player/nfl/12183/mike-williams,Mike Williams,WR2,2,Los Angeles Chargers
http://rotoworld.com/player/nfl/10561/geremy-davis,Geremy Davis,WR2,3,Los Angeles Chargers
http://rotoworld.com/player/nfl/13292/dylan-cantrell,Dylan Cantrell,WR2,4,Los Angeles Chargers
http://rotoworld.com/player/nfl/12569/andre-patton,Andre Patton,WR2,5,Los Angeles Chargers
http://rotoworld.com/player/nfl/7562/travis-benjamin,Travis Benjamin,WR3,1,Los Angeles Chargers
http://rotoworld.com/player/nfl/6570/virgil-green,Virgil Green,TE,1,Los Angeles Chargers
http://rotoworld.com/player/nfl/11674/braedon-bowman,Braedon Bowman,TE,2,Los Angeles Chargers
http://rotoworld.com/player/nfl/12560/sean-culkin,Sean Culkin,TE,3,Los Angeles Chargers
http://rotoworld.com/player/nfl/13813/ben-johnson,Ben Johnson,TE,4,Los Angeles Chargers
http://rotoworld.com/player/nfl/13811/cole-hunt,Cole Hunt,TE,5,Los Angeles Chargers
http://rotoworld.com/player/nfl/8573/caleb-sturgis,Caleb Sturgis,K,1,Los Angeles Chargers
http://rotoworld.com/player/nfl/11379/roberto-aguayo,Roberto Aguayo,K,2,Los Angeles Chargers
http://rotoworld.com/player/nfl/9349/derek-carr,Derek Carr,QB,1,Oakland Raiders
http://rotoworld.com/player/nfl/11280/connor-cook,Connor Cook,QB,2,Oakland Raiders
http://rotoworld.com/player/nfl/8331/ej-manuel,E.J. Manuel,QB,3,Oakland Raiders
http://rotoworld.com/player/nfl/4186/marshawn-lynch,Marshawn Lynch,RB,1,Oakland Raiders
http://rotoworld.com/player/nfl/7426/doug-martin,Doug Martin,RB,2,Oakland Raiders
http://rotoworld.com/player/nfl/12049/jalen-richard,Jalen Richard,RB,3,Oakland Raiders
http://rotoworld.com/player/nfl/11446/deandre-washington,DeAndre Washington,RB,4,Oakland Raiders
http://rotoworld.com/player/nfl/13683/chris-warren-iii,Chris Warren III,RB,5,Oakland Raiders
http://rotoworld.com/player/nfl/10310/amari-cooper,Amari Cooper,WR1,1,Oakland Raiders
http://rotoworld.com/player/nfl/12288/ryan-switzer,Ryan Switzer,WR1,2,Oakland Raiders
http://rotoworld.com/player/nfl/7949/griff-whalen,Griff Whalen,WR1,3,Oakland Raiders
http://rotoworld.com/player/nfl/6683/dwayne-harris,Dwayne Harris,WR1,4,Oakland Raiders
http://rotoworld.com/player/nfl/12455/keon-hatcher,Keon Hatcher,WR1,5,Oakland Raiders
http://rotoworld.com/player/nfl/4731/jordy-nelson,Jordy Nelson,WR2,1,Oakland Raiders
http://rotoworld.com/player/nfl/9416/martavis-bryant,Martavis Bryant,WR2,2,Oakland Raiders
http://rotoworld.com/player/nfl/11576/johnny-holton,Johnny Holton,WR2,3,Oakland Raiders
http://rotoworld.com/player/nfl/10142/seth-roberts,Seth Roberts,WR2,4,Oakland Raiders
http://rotoworld.com/player/nfl/13090/marcell-ateman,Marcell Ateman,WR2,5,Oakland Raiders
http://rotoworld.com/player/nfl/9416/martavis-bryant,Martavis Bryant,WR3,1,Oakland Raiders
http://rotoworld.com/player/nfl/5165/jared-cook,Jared Cook,TE,1,Oakland Raiders
http://rotoworld.com/player/nfl/6665/lee-smith,Lee Smith,TE,2,Oakland Raiders
http://rotoworld.com/player/nfl/7527/derek-carrier,Derek Carrier,TE,3,Oakland Raiders
http://rotoworld.com/player/nfl/12737/pharaoh-brown,Pharaoh Brown,TE,4,Oakland Raiders
http://rotoworld.com/player/nfl/13367/marcus-baugh,Marcus Baugh,TE,5,Oakland Raiders
http://rotoworld.com/player/nfl/13655/eddy-pineiro,Eddy Pineiro,K,1,Oakland Raiders
http://rotoworld.com/player/nfl/3160/mike-nugent,Mike Nugent,K,2,Oakland Raiders
http://rotoworld.com/player/nfl/11318/dak-prescott,Dak Prescott,QB,1,Dallas Cowboys
http://rotoworld.com/player/nfl/12475/cooper-rush,Cooper Rush,QB,2,Dallas Cowboys
http://rotoworld.com/player/nfl/13188/mike-white,Mike White,QB,3,Dallas Cowboys
http://rotoworld.com/player/nfl/11265/ezekiel-elliott,Ezekiel Elliott,RB,1,Dallas Cowboys
http://rotoworld.com/player/nfl/10784/rod-smith,Rod Smith,RB,2,Dallas Cowboys
http://rotoworld.com/player/nfl/13217/bo-scarbrough,Bo Scarbrough,RB,3,Dallas Cowboys
http://rotoworld.com/player/nfl/11500/darius-jackson,Darius Jackson,RB,4,Dallas Cowboys
http://rotoworld.com/player/nfl/10730/trey-williams,Trey Williams,RB,5,Dallas Cowboys
http://rotoworld.com/player/nfl/8401/terrance-williams,Terrance Williams,WR1,1,Dallas Cowboys
http://rotoworld.com/player/nfl/13149/michael-gallup,Michael Gallup,WR1,2,Dallas Cowboys
http://rotoworld.com/player/nfl/8175/deonte-thompson,Deonte Thompson,WR1,3,Dallas Cowboys
http://rotoworld.com/player/nfl/12439/noah-brown,Noah Brown,WR1,4,Dallas Cowboys
http://rotoworld.com/player/nfl/11634/mekale-mckay,Mekale McKay,WR1,5,Dallas Cowboys
http://rotoworld.com/player/nfl/9867/allen-hurns,Allen Hurns,WR2,1,Dallas Cowboys
http://rotoworld.com/player/nfl/7794/cole-beasley,Cole Beasley,WR2,2,Dallas Cowboys
http://rotoworld.com/player/nfl/8402/tavon-austin,Tavon Austin,WR2,3,Dallas Cowboys
http://rotoworld.com/player/nfl/12330/kd-cannon,KD Cannon,WR2,4,Dallas Cowboys
http://rotoworld.com/player/nfl/12981/lance-lenoir,Lance Lenoir,WR2,5,Dallas Cowboys
http://rotoworld.com/player/nfl/7794/cole-beasley,Cole Beasley,WR3,1,Dallas Cowboys
http://rotoworld.com/player/nfl/12507/blake-jarwin,Blake Jarwin,TE,1,Dallas Cowboys
http://rotoworld.com/player/nfl/10617/geoff-swaim,Geoff Swaim,TE,2,Dallas Cowboys
http://rotoworld.com/player/nfl/13198/dalton-schultz,Dalton Schultz,TE,3,Dallas Cowboys
http://rotoworld.com/player/nfl/11501/rico-gathers,Rico Gathers,TE,4,Dallas Cowboys
http://rotoworld.com/player/nfl/13374/david-wells,David Wells,TE,5,Dallas Cowboys
http://rotoworld.com/player/nfl/7144/dan-bailey,Dan Bailey,K,1,Dallas Cowboys
http://rotoworld.com/player/nfl/9136/brett-maher,Brett Maher,K,2,Dallas Cowboys
http://rotoworld.com/player/nfl/1657/eli-manning,Eli Manning,QB,1,New York Giants
http://rotoworld.com/player/nfl/12208/davis-webb,Davis Webb,QB,2,New York Giants
http://rotoworld.com/player/nfl/13206/kyle-lauletta,Kyle Lauletta,QB,3,New York Giants
http://rotoworld.com/player/nfl/8040/alex-tanney,Alex Tanney,QB,4,New York Giants
http://rotoworld.com/player/nfl/13048/saquon-barkley,Saquon Barkley,RB,1,New York Giants
http://rotoworld.com/player/nfl/4650/jonathan-stewart,Jonathan Stewart,RB,2,New York Giants
http://rotoworld.com/player/nfl/12309/wayne-gallman,Wayne Gallman,RB,3,New York Giants
http://rotoworld.com/player/nfl/12042/jalen-simmons,Jalen Simmons,RB,4,New York Giants
http://rotoworld.com/player/nfl/13836/robert-martin,Robert Martin,RB,5,New York Giants
http://rotoworld.com/player/nfl/9403/odell-beckham,Odell Beckham,WR1,1,New York Giants
http://rotoworld.com/player/nfl/9535/cody-latimer,Cody Latimer,WR1,2,New York Giants
http://rotoworld.com/player/nfl/12486/travis-rudolph,Travis Rudolph,WR1,3,New York Giants
http://rotoworld.com/player/nfl/11534/hunter-sharp,Hunter Sharp,WR1,4,New York Giants
http://rotoworld.com/player/nfl/11781/kalif-raymond,Kalif Raymond,WR1,5,New York Giants
http://rotoworld.com/player/nfl/11326/sterling-shepard,Sterling Shepard,WR2,1,New York Giants
http://rotoworld.com/player/nfl/11532/roger-lewis,Roger Lewis,WR2,2,New York Giants
http://rotoworld.com/player/nfl/7459/russell-shepard,Russell Shepard,WR2,3,New York Giants
http://rotoworld.com/player/nfl/12337/amba-etta-tawo,Amba Etta-Tawo,WR2,4,New York Giants
http://rotoworld.com/player/nfl/12067/marquis-bundy,Marquis Bundy,WR2,5,New York Giants
http://rotoworld.com/player/nfl/9535/cody-latimer,Cody Latimer,WR3,1,New York Giants
http://rotoworld.com/player/nfl/12205/evan-engram,Evan Engram,TE,1,New York Giants
http://rotoworld.com/player/nfl/7580/rhett-ellison,Rhett Ellison,TE,2,New York Giants
http://rotoworld.com/player/nfl/11283/jerell-adams,Jerell Adams,TE,3,New York Giants
http://rotoworld.com/player/nfl/10143/scott-simonson,Scott Simonson,TE,4,New York Giants
http://rotoworld.com/player/nfl/12009/ryan-omalley,Ryan O'Malley,TE,5,New York Giants
http://rotoworld.com/player/nfl/11998/aldrick-rosas,Aldrick Rosas,K,1,New York Giants
http://rotoworld.com/player/nfl/11560/marshall-koehn,Marshall Koehn,K,2,New York Giants
http://rotoworld.com/player/nfl/11257/carson-wentz,Carson Wentz,QB,1,Philadelphia Eagles
http://rotoworld.com/player/nfl/7475/nick-foles,Nick Foles,QB,2,Philadelphia Eagles
http://rotoworld.com/player/nfl/11476/nate-sudfeld,Nate Sudfeld,QB,3,Philadelphia Eagles
http://rotoworld.com/player/nfl/11853/joe-callahan,Joe Callahan,QB,4,Philadelphia Eagles
http://rotoworld.com/player/nfl/11297/christian-hackenberg,Christian Hackenberg,QB,5,Philadelphia Eagles
http://rotoworld.com/player/nfl/10361/jay-ajayi,Jay Ajayi,RB,1,Philadelphia Eagles
http://rotoworld.com/player/nfl/12159/corey-clement,Corey Clement,RB,2,Philadelphia Eagles
http://rotoworld.com/player/nfl/3221/darren-sproles,Darren Sproles,RB,3,Philadelphia Eagles
http://rotoworld.com/player/nfl/11451/wendell-smallwood,Wendell Smallwood,RB,4,Philadelphia Eagles
http://rotoworld.com/player/nfl/13218/josh-adams,Josh Adams,RB,5,Philadelphia Eagles
http://rotoworld.com/player/nfl/7441/alshon-jeffery,Alshon Jeffery,WR1,1,Philadelphia Eagles
http://rotoworld.com/player/nfl/12349/mack-hollins,Mack Hollins,WR1,2,Philadelphia Eagles
http://rotoworld.com/player/nfl/8406/markus-wheaton,Markus Wheaton,WR1,3,Philadelphia Eagles
http://rotoworld.com/player/nfl/7097/kamar-aiken,Kamar Aiken,WR1,4,Philadelphia Eagles
http://rotoworld.com/player/nfl/10738/deandre-carter,DeAndre Carter,WR1,5,Philadelphia Eagles
http://rotoworld.com/player/nfl/10360/nelson-agholor,Nelson Agholor,WR2,1,Philadelphia Eagles
http://rotoworld.com/player/nfl/5329/mike-wallace,Mike Wallace,WR2,2,Philadelphia Eagles
http://rotoworld.com/player/nfl/12313/shelton-gibson,Shelton Gibson,WR2,3,Philadelphia Eagles
http://rotoworld.com/player/nfl/11891/bryce-treggs,Bryce Treggs,WR2,4,Philadelphia Eagles
http://rotoworld.com/player/nfl/12815/greg-ward,Greg Ward,WR2,5,Philadelphia Eagles
http://rotoworld.com/player/nfl/5329/mike-wallace,Mike Wallace,WR3,1,Philadelphia Eagles
http://rotoworld.com/player/nfl/8409/zach-ertz,Zach Ertz,TE,1,Philadelphia Eagles
http://rotoworld.com/player/nfl/13151/dallas-goedert,Dallas Goedert,TE,2,Philadelphia Eagles
http://rotoworld.com/player/nfl/9547/richard-rodgers,Richard Rodgers,TE,3,Philadelphia Eagles
http://rotoworld.com/player/nfl/11804/josh-perkins,Josh Perkins,TE,4,Philadelphia Eagles
http://rotoworld.com/player/nfl/12518/billy-brown,Billy Brown,TE,5,Philadelphia Eagles
http://rotoworld.com/player/nfl/12367/jake-elliott,Jake Elliott,K,1,Philadelphia Eagles
http://rotoworld.com/player/nfl/3119/alex-smith,Alex Smith,QB,1,Washington Redskins
http://rotoworld.com/player/nfl/5699/colt-mccoy,Colt McCoy,QB,2,Washington Redskins
http://rotoworld.com/player/nfl/11300/kevin-hogan,Kevin Hogan,QB,3,Washington Redskins
http://rotoworld.com/player/nfl/8563/chris-thompson,Chris Thompson,RB,1,Washington Redskins
http://rotoworld.com/player/nfl/4169/adrian-peterson,Adrian Peterson,RB,2,Washington Redskins
http://rotoworld.com/player/nfl/11834/rob-kelley,Rob Kelley,RB,3,Washington Redskins
http://rotoworld.com/player/nfl/12255/samaje-perine,Samaje Perine,RB,4,Washington Redskins
http://rotoworld.com/player/nfl/9581/kapri-bibbs,Kapri Bibbs,RB,5,Washington Redskins
http://rotoworld.com/player/nfl/10373/jamison-crowder,Jamison Crowder,WR1,1,Washington Redskins
http://rotoworld.com/player/nfl/7477/brian-quick,Brian Quick,WR1,2,Washington Redskins
http://rotoworld.com/player/nfl/13213/trey-quinn,Trey Quinn,WR1,3,Washington Redskins
http://rotoworld.com/player/nfl/13584/shay-fields,Shay Fields,WR1,4,Washington Redskins
http://rotoworld.com/player/nfl/13850/darvin-kidsy,Darvin Kidsy,WR1,5,Washington Redskins
http://rotoworld.com/player/nfl/9545/paul-richardson,Paul Richardson,WR2,1,Washington Redskins
http://rotoworld.com/player/nfl/11289/josh-doctson,Josh Doctson,WR2,2,Washington Redskins
http://rotoworld.com/player/nfl/11788/maurice-harris,Maurice Harris,WR2,3,Washington Redskins
http://rotoworld.com/player/nfl/13386/simmie-cobbs,Simmie Cobbs,WR2,4,Washington Redskins
http://rotoworld.com/player/nfl/13589/cam-sims,Cam Sims,WR2,5,Washington Redskins
http://rotoworld.com/player/nfl/11289/josh-doctson,Josh Doctson,WR3,1,Washington Redskins
http://rotoworld.com/player/nfl/8412/jordan-reed,Jordan Reed,TE,1,Washington Redskins
http://rotoworld.com/player/nfl/3638/vernon-davis,Vernon Davis,TE,2,Washington Redskins
http://rotoworld.com/player/nfl/12368/jeremy-sprinkle,Jeremy Sprinkle,TE,3,Washington Redskins
http://rotoworld.com/player/nfl/13585/matt-flanagan,Matt Flanagan,TE,4,Washington Redskins
http://rotoworld.com/player/nfl/13875/garrett-hudson,Garrett Hudson,TE,5,Washington Redskins
http://rotoworld.com/player/nfl/8581/dustin-hopkins,Dustin Hopkins,K,1,Washington Redskins
http://rotoworld.com/player/nfl/12135/mitchell-trubisky,Mitchell Trubisky,QB,1,Chicago Bears
http://rotoworld.com/player/nfl/5170/chase-daniel,Chase Daniel,QB,2,Chicago Bears
http://rotoworld.com/player/nfl/8394/tyler-bray,Tyler Bray,QB,3,Chicago Bears
http://rotoworld.com/player/nfl/11339/jordan-howard,Jordan Howard,RB,1,Chicago Bears
http://rotoworld.com/player/nfl/12322/tarik-cohen,Tarik Cohen,RB,2,Chicago Bears
http://rotoworld.com/player/nfl/8953/benny-cunningham,Benny Cunningham,RB,3,Chicago Bears
http://rotoworld.com/player/nfl/12647/taquan-mizzell,Taquan Mizzell,RB,4,Chicago Bears
http://rotoworld.com/player/nfl/13796/ryan-nall,Ryan Nall,RB,5,Chicago Bears
http://rotoworld.com/player/nfl/9297/allen-robinson,Allen Robinson,WR1,1,Chicago Bears
http://rotoworld.com/player/nfl/7841/josh-bellamy,Josh Bellamy,WR1,2,Chicago Bears
http://rotoworld.com/player/nfl/10427/kevin-white,Kevin White,WR1,3,Chicago Bears
http://rotoworld.com/player/nfl/9826/bennie-fowler,Bennie Fowler,WR1,4,Chicago Bears
http://rotoworld.com/player/nfl/11515/demarcus-ayers,DeMarcus Ayers,WR1,5,Chicago Bears
http://rotoworld.com/player/nfl/10162/taylor-gabriel,Taylor Gabriel,WR2,1,Chicago Bears
http://rotoworld.com/player/nfl/13152/anthony-miller,Anthony Miller,WR2,2,Chicago Bears
http://rotoworld.com/player/nfl/12470/tanner-gentry,Tanner Gentry,WR2,3,Chicago Bears
http://rotoworld.com/player/nfl/13322/javon-wims,Javon Wims,WR2,4,Chicago Bears
http://rotoworld.com/player/nfl/9189/marlon-brown,Marlon Brown,WR2,5,Chicago Bears
http://rotoworld.com/player/nfl/13152/anthony-miller,Anthony Miller,WR3,1,Chicago Bears
http://rotoworld.com/player/nfl/9737/trey-burton,Trey Burton,TE,1,Chicago Bears
http://rotoworld.com/player/nfl/8532/dion-sims,Dion Sims,TE,2,Chicago Bears
http://rotoworld.com/player/nfl/12283/adam-shaheen,Adam Shaheen,TE,3,Chicago Bears
http://rotoworld.com/player/nfl/11092/daniel-brown,Daniel Brown,TE,4,Chicago Bears
http://rotoworld.com/player/nfl/11587/ben-braunecker,Ben Braunecker,TE,5,Chicago Bears
http://rotoworld.com/player/nfl/9893/cody-parkey,Cody Parkey,K,1,Chicago Bears
http://rotoworld.com/player/nfl/5132/matthew-stafford,Matthew Stafford,QB,1,Detroit Lions
http://rotoworld.com/player/nfl/3237/matt-cassel,Matt Cassel,QB,2,Detroit Lions
http://rotoworld.com/player/nfl/11480/jake-rudock,Jake Rudock,QB,3,Detroit Lions
http://rotoworld.com/player/nfl/13156/kerryon-johnson,Kerryon Johnson,RB,1,Detroit Lions
http://rotoworld.com/player/nfl/8485/theo-riddick,Theo Riddick,RB,2,Detroit Lions
http://rotoworld.com/player/nfl/5854/legarrette-blount,LeGarrette Blount,RB,3,Detroit Lions
http://rotoworld.com/player/nfl/10338/ameer-abdullah,Ameer Abdullah,RB,4,Detroit Lions
http://rotoworld.com/player/nfl/11518/dwayne-washington,Dwayne Washington,RB,5,Detroit Lions
http://rotoworld.com/player/nfl/7503/marvin-jones,Marvin Jones,WR1,1,Detroit Lions
http://rotoworld.com/player/nfl/12340/kenny-golladay,Kenny Golladay,WR1,2,Detroit Lions
http://rotoworld.com/player/nfl/13364/teo-redding,Teo Redding,WR1,3,Detroit Lions
http://rotoworld.com/player/nfl/12859/dontez-ford,Dontez Ford,WR1,4,Detroit Lions
http://rotoworld.com/player/nfl/13669/chris-lacy,Chris Lacy,WR1,5,Detroit Lions
http://rotoworld.com/player/nfl/5583/golden-tate,Golden Tate,WR2,1,Detroit Lions
http://rotoworld.com/player/nfl/9419/tj-jones,T.J. Jones,WR2,2,Detroit Lions
http://rotoworld.com/player/nfl/11888/jace-billingsley,Jace Billingsley,WR2,3,Detroit Lions
http://rotoworld.com/player/nfl/11023/bradley-marquez,Bradley Marquez,WR2,4,Detroit Lions
http://rotoworld.com/player/nfl/11946/andy-jones,Andy Jones,WR2,5,Detroit Lions
http://rotoworld.com/player/nfl/12340/kenny-golladay,Kenny Golladay,WR3,1,Detroit Lions
http://rotoworld.com/player/nfl/8567/luke-willson,Luke Willson,TE,1,Detroit Lions
http://rotoworld.com/player/nfl/12354/michael-roberts,Michael Roberts,TE,2,Detroit Lions
http://rotoworld.com/player/nfl/8414/levine-toilolo,Levine Toilolo,TE,3,Detroit Lions
http://rotoworld.com/player/nfl/7728/sean-mcgrath,Sean McGrath,TE,4,Detroit Lions
http://rotoworld.com/player/nfl/11740/hakeem-valles,Hakeem Valles,TE,5,Detroit Lions
http://rotoworld.com/player/nfl/4502/matt-prater,Matt Prater,K,1,Detroit Lions
http://rotoworld.com/player/nfl/3118/aaron-rodgers,Aaron Rodgers,QB,1,Green Bay Packers
http://rotoworld.com/player/nfl/10402/brett-hundley,Brett Hundley,QB,2,Green Bay Packers
http://rotoworld.com/player/nfl/12160/deshone-kizer,DeShone Kizer,QB,3,Green Bay Packers
http://rotoworld.com/player/nfl/13613/tim-boyle,Tim Boyle,QB,4,Green Bay Packers
http://rotoworld.com/player/nfl/12298/jamaal-williams,Jamaal Williams,RB,1,Green Bay Packers
http://rotoworld.com/player/nfl/10413/ty-montgomery,Ty Montgomery,RB,2,Green Bay Packers
http://rotoworld.com/player/nfl/12388/aaron-jones,Aaron Jones,RB,3,Green Bay Packers
http://rotoworld.com/player/nfl/12438/devante-mays,Devante Mays,RB,4,Green Bay Packers
http://rotoworld.com/player/nfl/12817/joel-bouagnon,Joel Bouagnon,RB,5,Green Bay Packers
http://rotoworld.com/player/nfl/9273/davante-adams,Davante Adams,WR1,1,Green Bay Packers
http://rotoworld.com/player/nfl/13280/marquez-valdes-scantling,Marquez Valdes-Scantling,WR1,2,Green Bay Packers
http://rotoworld.com/player/nfl/13145/equanimeous-st-brown,Equanimeous St. Brown,WR1,3,Green Bay Packers
http://rotoworld.com/player/nfl/13181/jmon-moore,J'Mon Moore,WR1,4,Green Bay Packers
http://rotoworld.com/player/nfl/11456/trevor-davis,Trevor Davis,WR1,5,Green Bay Packers
http://rotoworld.com/player/nfl/6497/randall-cobb,Randall Cobb,WR2,1,Green Bay Packers
http://rotoworld.com/player/nfl/11550/geronimo-allison,Geronimo Allison,WR2,2,Green Bay Packers
http://rotoworld.com/player/nfl/12382/deangelo-yancey,DeAngelo Yancey,WR2,3,Green Bay Packers
http://rotoworld.com/player/nfl/10867/jake-kumerow,Jake Kumerow,WR2,4,Green Bay Packers
http://rotoworld.com/player/nfl/13901/adonis-jennings,Adonis Jennings,WR2,5,Green Bay Packers
http://rotoworld.com/player/nfl/11550/geronimo-allison,Geronimo Allison,WR3,1,Green Bay Packers
http://rotoworld.com/player/nfl/5842/jimmy-graham,Jimmy Graham,TE,1,Green Bay Packers
http://rotoworld.com/player/nfl/3615/marcedes-lewis,Marcedes Lewis,TE,2,Green Bay Packers
http://rotoworld.com/player/nfl/6614/lance-kendricks,Lance Kendricks,TE,3,Green Bay Packers
http://rotoworld.com/player/nfl/12807/emanuel-byrd,Emanuel Byrd,TE,4,Green Bay Packers
http://rotoworld.com/player/nfl/12868/robert-tonyan-jr,Robert Tonyan Jr.,TE,5,Green Bay Packers
http://rotoworld.com/player/nfl/4182/mason-crosby,Mason Crosby,K,1,Green Bay Packers
http://rotoworld.com/player/nfl/7486/kirk-cousins,Kirk Cousins,QB,1,Minnesota Vikings
http://rotoworld.com/player/nfl/10622/trevor-siemian,Trevor Siemian,QB,2,Minnesota Vikings
http://rotoworld.com/player/nfl/12908/kyle-sloter,Kyle Sloter,QB,3,Minnesota Vikings
http://rotoworld.com/player/nfl/13446/peter-pujals,Peter Pujals,QB,4,Minnesota Vikings
http://rotoworld.com/player/nfl/12138/dalvin-cook,Dalvin Cook,RB,1,Minnesota Vikings
http://rotoworld.com/player/nfl/8585/latavius-murray,Latavius Murray,RB,2,Minnesota Vikings
http://rotoworld.com/player/nfl/13438/mike-boone,Mike Boone,RB,3,Minnesota Vikings
http://rotoworld.com/player/nfl/13417/roc-thomas,Roc Thomas,RB,4,Minnesota Vikings
http://rotoworld.com/player/nfl/11084/mack-brown,Mack Brown,RB,5,Minnesota Vikings
http://rotoworld.com/player/nfl/9054/adam-thielen,Adam Thielen,WR1,1,Minnesota Vikings
http://rotoworld.com/player/nfl/7425/kendall-wright,Kendall Wright,WR1,2,Minnesota Vikings
http://rotoworld.com/player/nfl/8569/tavarres-king,Tavarres King,WR1,3,Minnesota Vikings
http://rotoworld.com/player/nfl/11601/cayleb-jones,Cayleb Jones,WR1,4,Minnesota Vikings
http://rotoworld.com/player/nfl/13383/korey-robertson,Korey Robertson,WR1,5,Minnesota Vikings
http://rotoworld.com/player/nfl/10380/stefon-diggs,Stefon Diggs,WR2,1,Minnesota Vikings
http://rotoworld.com/player/nfl/11210/laquon-treadwell,Laquon Treadwell,WR2,2,Minnesota Vikings
http://rotoworld.com/player/nfl/12420/stacy-coley,Stacy Coley,WR2,3,Minnesota Vikings
http://rotoworld.com/player/nfl/13056/brandon-zylstra,Brandon Zylstra,WR2,4,Minnesota Vikings
http://rotoworld.com/player/nfl/13362/jake-wieneke,Jake Wieneke,WR2,5,Minnesota Vikings
http://rotoworld.com/player/nfl/11210/laquon-treadwell,Laquon Treadwell,WR3,1,Minnesota Vikings
http://rotoworld.com/player/nfl/6459/kyle-rudolph,Kyle Rudolph,TE,1,Minnesota Vikings
http://rotoworld.com/player/nfl/11477/david-morgan,David Morgan,TE,2,Minnesota Vikings
http://rotoworld.com/player/nfl/13220/tyler-conklin,Tyler Conklin,TE,3,Minnesota Vikings
http://rotoworld.com/player/nfl/10366/blake-bell,Blake Bell,TE,4,Minnesota Vikings
http://rotoworld.com/player/nfl/13442/tyler-hoppes,Tyler Hoppes,TE,5,Minnesota Vikings
http://rotoworld.com/player/nfl/13275/daniel-carlson,Daniel Carlson,K,1,Minnesota Vikings
http://rotoworld.com/player/nfl/4637/matt-ryan,Matt Ryan,QB,1,Atlanta Falcons
http://rotoworld.com/player/nfl/16/matt-schaub,Matt Schaub,QB,2,Atlanta Falcons
http://rotoworld.com/player/nfl/10394/garrett-grayson,Garrett Grayson,QB,3,Atlanta Falcons
http://rotoworld.com/player/nfl/13398/kurt-benkert,Kurt Benkert,QB,4,Atlanta Falcons
http://rotoworld.com/player/nfl/9423/devonta-freeman,Devonta Freeman,RB,1,Atlanta Falcons
http://rotoworld.com/player/nfl/10359/tevin-coleman,Tevin Coleman,RB,2,Atlanta Falcons
http://rotoworld.com/player/nfl/13252/ito-smith,Ito Smith,RB,3,Atlanta Falcons
http://rotoworld.com/player/nfl/10666/terrence-magee,Terrence Magee,RB,4,Atlanta Falcons
http://rotoworld.com/player/nfl/13531/malik-williams,Malik Williams,RB,5,Atlanta Falcons
http://rotoworld.com/player/nfl/6475/julio-jones,Julio Jones,WR1,1,Atlanta Falcons
http://rotoworld.com/player/nfl/13137/calvin-ridley,Calvin Ridley,WR1,2,Atlanta Falcons
http://rotoworld.com/player/nfl/13295/russell-gage,Russell Gage,WR1,3,Atlanta Falcons
http://rotoworld.com/player/nfl/13541/devin-gray,Devin Gray,WR1,4,Atlanta Falcons
http://rotoworld.com/player/nfl/7433/mohamed-sanu,Mohamed Sanu,WR2,1,Atlanta Falcons
http://rotoworld.com/player/nfl/10399/justin-hardy,Justin Hardy,WR2,2,Atlanta Falcons
http://rotoworld.com/player/nfl/12914/reggie-davis,Reggie Davis,WR2,3,Atlanta Falcons
http://rotoworld.com/player/nfl/12071/marvin-hall,Marvin Hall,WR2,4,Atlanta Falcons
http://rotoworld.com/player/nfl/13543/lamar-jordan,Lamar Jordan,WR2,5,Atlanta Falcons
http://rotoworld.com/player/nfl/13137/calvin-ridley,Calvin Ridley,WR3,1,Atlanta Falcons
http://rotoworld.com/player/nfl/11301/austin-hooper,Austin Hooper,TE,1,Atlanta Falcons
http://rotoworld.com/player/nfl/6368/logan-paulsen,Logan Paulsen,TE,2,Atlanta Falcons
http://rotoworld.com/player/nfl/12300/eric-saubert,Eric Saubert,TE,3,Atlanta Falcons
http://rotoworld.com/player/nfl/12996/alex-gray,Alex Gray,TE,4,Atlanta Falcons
http://rotoworld.com/player/nfl/13878/jaeden-graham,Jaeden Graham,TE,5,Atlanta Falcons
http://rotoworld.com/player/nfl/978/matt-bryant,Matt Bryant,K,1,Atlanta Falcons
http://rotoworld.com/player/nfl/13551/david-marvin,David Marvin,K,2,Atlanta Falcons
http://rotoworld.com/player/nfl/6491/cam-newton,Cam Newton,QB,1,Carolina Panthers
http://rotoworld.com/player/nfl/9522/garrett-gilbert,Garrett Gilbert,QB,2,Carolina Panthers
http://rotoworld.com/player/nfl/10665/taylor-heinicke,Taylor Heinicke,QB,3,Carolina Panthers
http://rotoworld.com/player/nfl/13495/kyle-allen,Kyle Allen,QB,4,Carolina Panthers
http://rotoworld.com/player/nfl/12198/christian-mccaffrey,Christian McCaffrey,RB,1,Carolina Panthers
http://rotoworld.com/player/nfl/8694/cj-anderson,C.J. Anderson,RB,2,Carolina Panthers
http://rotoworld.com/player/nfl/10364/cameron-artis-payne,Cameron Artis-Payne,RB,3,Carolina Panthers
http://rotoworld.com/player/nfl/8456/kenjon-barner,Kenjon Barner,RB,4,Carolina Panthers
http://rotoworld.com/player/nfl/12200/elijah-hood,Elijah Hood,RB,5,Carolina Panthers
http://rotoworld.com/player/nfl/10391/devin-funchess,Devin Funchess,WR1,1,Carolina Panthers
http://rotoworld.com/player/nfl/6442/torrey-smith,Torrey Smith,WR1,2,Carolina Panthers
http://rotoworld.com/player/nfl/10688/rasheed-bailey,Rasheed Bailey,WR1,3,Carolina Panthers
http://rotoworld.com/player/nfl/12506/bug-howard,Bug Howard,WR1,4,Carolina Panthers
http://rotoworld.com/player/nfl/11686/jamaal-jones,Jamaal Jones,WR1,5,Carolina Panthers
http://rotoworld.com/player/nfl/13114/dj-moore,D.J. Moore,WR2,1,Carolina Panthers
http://rotoworld.com/player/nfl/12219/curtis-samuel,Curtis Samuel,WR2,2,Carolina Panthers
http://rotoworld.com/player/nfl/7574/jarius-wright,Jarius Wright,WR2,3,Carolina Panthers
http://rotoworld.com/player/nfl/10795/damiere-byrd,Damiere Byrd,WR2,4,Carolina Panthers
http://rotoworld.com/player/nfl/11769/mose-frazier,Mose Frazier,WR2,5,Carolina Panthers
http://rotoworld.com/player/nfl/6442/torrey-smith,Torrey Smith,WR3,1,Carolina Panthers
http://rotoworld.com/player/nfl/4190/greg-olsen,Greg Olsen,TE,1,Carolina Panthers
http://rotoworld.com/player/nfl/10295/chris-manhertz,Chris Manhertz,TE,2,Carolina Panthers
http://rotoworld.com/player/nfl/13163/ian-thomas,Ian Thomas,TE,3,Carolina Panthers
http://rotoworld.com/player/nfl/12884/evan-baylis,Evan Baylis,TE,4,Carolina Panthers
http://rotoworld.com/player/nfl/11908/jason-vander-laan,Jason Vander Laan,TE,5,Carolina Panthers
http://rotoworld.com/player/nfl/5468/graham-gano,Graham Gano,K,1,Carolina Panthers
http://rotoworld.com/player/nfl/591/drew-brees,Drew Brees,QB,1,New Orleans Saints
http://rotoworld.com/player/nfl/9418/tom-savage,Tom Savage,QB,2,New Orleans Saints
http://rotoworld.com/player/nfl/12729/taysom-hill,Taysom Hill,QB,3,New Orleans Saints
http://rotoworld.com/player/nfl/13372/jt-barrett,J.T. Barrett,QB,4,New Orleans Saints
http://rotoworld.com/player/nfl/12172/alvin-kamara,Alvin Kamara,RB,1,New Orleans Saints
http://rotoworld.com/player/nfl/11405/jonathan-williams,Jonathan Williams,RB,2,New Orleans Saints
http://rotoworld.com/player/nfl/6445/shane-vereen,Shane Vereen,RB,3,New Orleans Saints
http://rotoworld.com/player/nfl/12935/trey-edmunds,Trey Edmunds,RB,4,New Orleans Saints
http://rotoworld.com/player/nfl/13301/boston-scott,Boston Scott,RB,5,New Orleans Saints
http://rotoworld.com/player/nfl/11222/michael-thomas,Michael Thomas,WR1,1,New Orleans Saints
http://rotoworld.com/player/nfl/10770/cameron-meredith,Cameron Meredith,WR1,2,New Orleans Saints
http://rotoworld.com/player/nfl/12332/austin-carr,Austin Carr,WR1,3,New Orleans Saints
http://rotoworld.com/player/nfl/6759/michael-floyd,Michael Floyd,WR1,4,New Orleans Saints
http://rotoworld.com/player/nfl/13686/keith-kirkwood,Keith Kirkwood,WR1,5,New Orleans Saints
http://rotoworld.com/player/nfl/4168/ted-ginn,Ted Ginn,WR2,1,New Orleans Saints
http://rotoworld.com/player/nfl/11933/tommylee-lewis,Tommylee Lewis,WR2,2,New Orleans Saints
http://rotoworld.com/player/nfl/13196/trequan-smith,Tre'Quan Smith,WR2,3,New Orleans Saints
http://rotoworld.com/player/nfl/5140/brandon-tate,Brandon Tate,WR2,4,New Orleans Saints
http://rotoworld.com/player/nfl/10770/cameron-meredith,Cameron Meredith,WR3,1,New Orleans Saints
http://rotoworld.com/player/nfl/48/ben-watson,Ben Watson,TE,1,New Orleans Saints
http://rotoworld.com/player/nfl/8764/josh-hill,Josh Hill,TE,2,New Orleans Saints
http://rotoworld.com/player/nfl/5909/michael-hoomanawanui,Michael Hoomanawanui,TE,3,New Orleans Saints
http://rotoworld.com/player/nfl/5419/john-phillips,John Phillips,TE,4,New Orleans Saints
http://rotoworld.com/player/nfl/12072/garrett-griffin,Garrett Griffin,TE,5,New Orleans Saints
http://rotoworld.com/player/nfl/11877/wil-lutz,Wil Lutz,K,1,New Orleans Saints
http://rotoworld.com/player/nfl/9376/jameis-winston,Jameis Winston,QB,1,Tampa Bay Buccaneers
http://rotoworld.com/player/nfl/3240/ryan-fitzpatrick,Ryan Fitzpatrick,QB,2,Tampa Bay Buccaneers
http://rotoworld.com/player/nfl/8507/ryan-griffin,Ryan Griffin,QB,3,Tampa Bay Buccaneers
http://rotoworld.com/player/nfl/13429/austin-allen,Austin Allen,QB,4,Tampa Bay Buccaneers
http://rotoworld.com/player/nfl/11708/peyton-barber,Peyton Barber,RB,1,Tampa Bay Buccaneers
http://rotoworld.com/player/nfl/13061/ronald-jones,Ronald Jones,RB,2,Tampa Bay Buccaneers
http://rotoworld.com/player/nfl/6482/jacquizz-rodgers,Jacquizz Rodgers,RB,3,Tampa Bay Buccaneers
http://rotoworld.com/player/nfl/13476/shaun-wilson,Shaun Wilson,RB,4,Tampa Bay Buccaneers
http://rotoworld.com/player/nfl/12943/dare-ogunbowale,Dare Ogunbowale,RB,5,Tampa Bay Buccaneers
http://rotoworld.com/player/nfl/9296/mike-evans,Mike Evans,WR1,1,Tampa Bay Buccaneers
http://rotoworld.com/player/nfl/11072/adam-humphries,Adam Humphries,WR1,2,Tampa Bay Buccaneers
http://rotoworld.com/player/nfl/13208/justin-watson,Justin Watson,WR1,3,Tampa Bay Buccaneers
http://rotoworld.com/player/nfl/9783/bernard-reedy,Bernard Reedy,WR1,4,Tampa Bay Buccaneers
http://rotoworld.com/player/nfl/12614/bobo-wilson,Bobo Wilson,WR1,5,Tampa Bay Buccaneers
http://rotoworld.com/player/nfl/4659/desean-jackson,DeSean Jackson,WR2,1,Tampa Bay Buccaneers
http://rotoworld.com/player/nfl/12201/chris-godwin,Chris Godwin,WR2,2,Tampa Bay Buccaneers
http://rotoworld.com/player/nfl/10016/freddie-martino,Freddie Martino,WR2,3,Tampa Bay Buccaneers
http://rotoworld.com/player/nfl/12051/jake-lampman,Jake Lampman,WR2,4,Tampa Bay Buccaneers
http://rotoworld.com/player/nfl/13473/ervin-philips,Ervin Philips,WR2,5,Tampa Bay Buccaneers
http://rotoworld.com/player/nfl/11072/adam-humphries,Adam Humphries,WR3,1,Tampa Bay Buccaneers
http://rotoworld.com/player/nfl/12161/oj-howard,O.J. Howard,TE,1,Tampa Bay Buccaneers
http://rotoworld.com/player/nfl/10193/cameron-brate,Cameron Brate,TE,2,Tampa Bay Buccaneers
http://rotoworld.com/player/nfl/12603/antony-auclair,Antony Auclair,TE,3,Tampa Bay Buccaneers
http://rotoworld.com/player/nfl/10045/chandler-catanzaro,Chandler Catanzaro,K,1,Tampa Bay Buccaneers
http://rotoworld.com/player/nfl/5161/sam-bradford,Sam Bradford,QB,1,Arizona Cardinals
http://rotoworld.com/player/nfl/13047/josh-rosen,Josh Rosen,QB,2,Arizona Cardinals
http://rotoworld.com/player/nfl/8374/mike-glennon,Mike Glennon,QB,3,Arizona Cardinals
http://rotoworld.com/player/nfl/13502/chad-kanoff,Chad Kanoff,QB,4,Arizona Cardinals
http://rotoworld.com/player/nfl/10404/david-johnson,David Johnson,RB,1,Arizona Cardinals
http://rotoworld.com/player/nfl/13255/chase-edmonds,Chase Edmonds,RB,2,Arizona Cardinals
http://rotoworld.com/player/nfl/11565/dj-foster,D.J. Foster,RB,3,Arizona Cardinals
http://rotoworld.com/player/nfl/12386/tj-logan,T.J. Logan,RB,4,Arizona Cardinals
http://rotoworld.com/player/nfl/13877/sherman-badie,Sherman Badie,RB,5,Arizona Cardinals
http://rotoworld.com/player/nfl/1661/larry-fitzgerald,Larry Fitzgerald,WR1,1,Arizona Cardinals
http://rotoworld.com/player/nfl/12343/chad-williams,Chad Williams,WR1,2,Arizona Cardinals
http://rotoworld.com/player/nfl/13095/christian-kirk,Christian Kirk,WR1,3,Arizona Cardinals
http://rotoworld.com/player/nfl/12617/carlton-agudosi,Carlton Agudosi,WR1,4,Arizona Cardinals
http://rotoworld.com/player/nfl/13515/jalen-tolliver,Jalen Tolliver,WR1,5,Arizona Cardinals
http://rotoworld.com/player/nfl/8608/brice-butler,Brice Butler,WR2,1,Arizona Cardinals
http://rotoworld.com/player/nfl/10536/jj-nelson,J.J. Nelson,WR2,2,Arizona Cardinals
http://rotoworld.com/player/nfl/6575/greg-little,Greg Little,WR2,3,Arizona Cardinals
http://rotoworld.com/player/nfl/13513/trent-sherfield,Trent Sherfield,WR2,4,Arizona Cardinals
http://rotoworld.com/player/nfl/13520/corey-willis,Corey Willis,WR2,5,Arizona Cardinals
http://rotoworld.com/player/nfl/12343/chad-williams,Chad Williams,WR3,1,Arizona Cardinals
http://rotoworld.com/player/nfl/12463/ricky-seals-jones,Ricky Seals-Jones,TE,1,Arizona Cardinals
http://rotoworld.com/player/nfl/11002/gabe-holmes,Gabe Holmes,TE,2,Arizona Cardinals
http://rotoworld.com/player/nfl/11956/bryce-williams,Bryce Williams,TE,3,Arizona Cardinals
http://rotoworld.com/player/nfl/13087/chris-bazile,Chris Bazile,TE,4,Arizona Cardinals
http://rotoworld.com/player/nfl/5549/jermaine-gresham,Jermaine Gresham,TE,5,Arizona Cardinals
http://rotoworld.com/player/nfl/2631/phil-dawson,Phil Dawson,K,1,Arizona Cardinals
http://rotoworld.com/player/nfl/13503/matthew-mccrane,Matthew McCrane,K,2,Arizona Cardinals
http://rotoworld.com/player/nfl/11205/jared-goff,Jared Goff,QB,1,Los Angeles Rams
http://rotoworld.com/player/nfl/10409/sean-mannion,Sean Mannion,QB,2,Los Angeles Rams
http://rotoworld.com/player/nfl/11488/brandon-allen,Brandon Allen,QB,3,Los Angeles Rams
http://rotoworld.com/player/nfl/13865/luis-perez,Luis Perez,QB,4,Los Angeles Rams
http://rotoworld.com/player/nfl/10288/todd-gurley,Todd Gurley,RB,1,Los Angeles Rams
http://rotoworld.com/player/nfl/10674/malcolm-brown,Malcolm Brown,RB,2,Los Angeles Rams
http://rotoworld.com/player/nfl/13212/john-kelly,John Kelly,RB,3,Los Angeles Rams
http://rotoworld.com/player/nfl/12511/justin-davis,Justin Davis,RB,4,Los Angeles Rams
http://rotoworld.com/player/nfl/13861/nick-holley,Nick Holley,RB,5,Los Angeles Rams
http://rotoworld.com/player/nfl/9404/brandin-cooks,Brandin Cooks,WR1,1,Los Angeles Rams
http://rotoworld.com/player/nfl/12253/josh-reynolds,Josh Reynolds,WR1,2,Los Angeles Rams
http://rotoworld.com/player/nfl/11281/pharoh-cooper,Pharoh Cooper,WR1,3,Los Angeles Rams
http://rotoworld.com/player/nfl/12660/jojo-natson,JoJo Natson,WR1,4,Los Angeles Rams
http://rotoworld.com/player/nfl/13899/khadarel-hodge,KhaDarel Hodge,WR1,5,Los Angeles Rams
http://rotoworld.com/player/nfl/8407/robert-woods,Robert Woods,WR2,1,Los Angeles Rams
http://rotoworld.com/player/nfl/12177/cooper-kupp,Cooper Kupp,WR2,2,Los Angeles Rams
http://rotoworld.com/player/nfl/11491/mike-thomas,Mike Thomas,WR2,3,Los Angeles Rams
http://rotoworld.com/player/nfl/12983/fred-brown,Fred Brown,WR2,4,Los Angeles Rams
http://rotoworld.com/player/nfl/13576/steven-mitchell-jr,Steven Mitchell Jr.,WR2,5,Los Angeles Rams
http://rotoworld.com/player/nfl/12177/cooper-kupp,Cooper Kupp,WR3,1,Los Angeles Rams
http://rotoworld.com/player/nfl/11430/tyler-higbee,Tyler Higbee,TE,1,Los Angeles Rams
http://rotoworld.com/player/nfl/12284/gerald-everett,Gerald Everett,TE,2,Los Angeles Rams
http://rotoworld.com/player/nfl/12525/johnny-mundt,Johnny Mundt,TE,3,Los Angeles Rams
http://rotoworld.com/player/nfl/11564/henry-krieger-coble,Henry Krieger-Coble,TE,4,Los Angeles Rams
http://rotoworld.com/player/nfl/11467/temarrick-hemingway,Temarrick Hemingway,TE,5,Los Angeles Rams
http://rotoworld.com/player/nfl/7616/greg-zuerlein,Greg Zuerlein,K,1,Los Angeles Rams
http://rotoworld.com/player/nfl/12088/sam-ficken,Sam Ficken,K,2,Los Angeles Rams
http://rotoworld.com/player/nfl/7460/russell-wilson,Russell Wilson,QB,1,Seattle Seahawks
http://rotoworld.com/player/nfl/8069/austin-davis,Austin Davis,QB,2,Seattle Seahawks
http://rotoworld.com/player/nfl/13318/alex-mcgough,Alex McGough,QB,3,Seattle Seahawks
http://rotoworld.com/player/nfl/12446/chris-carson,Chris Carson,RB,1,Seattle Seahawks
http://rotoworld.com/player/nfl/13143/rashaad-penny,Rashaad Penny,RB,2,Seattle Seahawks
http://rotoworld.com/player/nfl/10378/mike-davis,Mike Davis,RB,3,Seattle Seahawks
http://rotoworld.com/player/nfl/11319/cj-prosise,C.J. Prosise,RB,4,Seattle Seahawks
http://rotoworld.com/player/nfl/11800/jd-mckissic,J.D. McKissic,RB,5,Seattle Seahawks
http://rotoworld.com/player/nfl/6825/doug-baldwin,Doug Baldwin,WR1,1,Seattle Seahawks
http://rotoworld.com/player/nfl/8869/jaron-brown,Jaron Brown,WR1,2,Seattle Seahawks
http://rotoworld.com/player/nfl/11918/tanner-mcevoy,Tanner McEvoy,WR1,3,Seattle Seahawks
http://rotoworld.com/player/nfl/11608/marcus-johnson,Marcus Johnson,WR1,4,Seattle Seahawks
http://rotoworld.com/player/nfl/11472/keenan-reynolds,Keenan Reynolds,WR1,5,Seattle Seahawks
http://rotoworld.com/player/nfl/10408/tyler-lockett,Tyler Lockett,WR2,1,Seattle Seahawks
http://rotoworld.com/player/nfl/3653/brandon-marshall,Brandon Marshall,WR2,2,Seattle Seahawks
http://rotoworld.com/player/nfl/12306/amara-darboh,Amara Darboh,WR2,3,Seattle Seahawks
http://rotoworld.com/player/nfl/12427/david-moore,David Moore,WR2,4,Seattle Seahawks
http://rotoworld.com/player/nfl/12764/damoreea-stringfellow,Damore'ea Stringfellow,WR2,5,Seattle Seahawks
http://rotoworld.com/player/nfl/8869/jaron-brown,Jaron Brown,WR3,1,Seattle Seahawks
http://rotoworld.com/player/nfl/5840/ed-dickson,Ed Dickson,TE,1,Seattle Seahawks
http://rotoworld.com/player/nfl/11329/nick-vannett,Nick Vannett,TE,2,Seattle Seahawks
http://rotoworld.com/player/nfl/13246/will-dissly,Will Dissly,TE,3,Seattle Seahawks
http://rotoworld.com/player/nfl/12853/tyrone-swoopes,Tyrone Swoopes,TE,4,Seattle Seahawks
http://rotoworld.com/player/nfl/11571/kyle-carter,Kyle Carter,TE,5,Seattle Seahawks
http://rotoworld.com/player/nfl/819/sebastian-janikowski,Sebastian Janikowski,K,1,Seattle Seahawks
http://rotoworld.com/player/nfl/9360/jimmy-garoppolo,Jimmy Garoppolo,QB,1,San Francisco 49ers
http://rotoworld.com/player/nfl/12328/cj-beathard,C.J. Beathard,QB,2,San Francisco 49ers
http://rotoworld.com/player/nfl/12684/nick-mullens,Nick Mullens,QB,3,San Francisco 49ers
http://rotoworld.com/player/nfl/13523/jack-heneghan,Jack Heneghan,QB,4,San Francisco 49ers
http://rotoworld.com/player/nfl/9651/jerick-mckinnon,Jerick McKinnon,RB,1,San Francisco 49ers
http://rotoworld.com/player/nfl/12678/matt-breida,Matt Breida,RB,2,San Francisco 49ers
http://rotoworld.com/player/nfl/7618/alfred-morris,Alfred Morris,RB,3,San Francisco 49ers
http://rotoworld.com/player/nfl/12204/joe-williams,Joe Williams,RB,4,San Francisco 49ers
http://rotoworld.com/player/nfl/10744/raheem-mostert,Raheem Mostert,RB,5,San Francisco 49ers
http://rotoworld.com/player/nfl/8461/marquise-goodwin,Marquise Goodwin,WR1,1,San Francisco 49ers
http://rotoworld.com/player/nfl/6685/aldrick-robinson,Aldrick Robinson,WR1,2,San Francisco 49ers
http://rotoworld.com/player/nfl/12677/kendrick-bourne,Kendrick Bourne,WR1,3,San Francisco 49ers
http://rotoworld.com/player/nfl/12676/victor-bolden,Victor Bolden,WR1,4,San Francisco 49ers
http://rotoworld.com/player/nfl/12007/max-mccaffrey,Max McCaffrey,WR1,5,San Francisco 49ers
http://rotoworld.com/player/nfl/4945/pierre-garcon,Pierre Garcon,WR2,1,San Francisco 49ers
http://rotoworld.com/player/nfl/12305/trent-taylor,Trent Taylor,WR2,2,San Francisco 49ers
http://rotoworld.com/player/nfl/13160/dante-pettis,Dante Pettis,WR2,3,San Francisco 49ers
http://rotoworld.com/player/nfl/13336/richie-james,Richie James,WR2,4,San Francisco 49ers
http://rotoworld.com/player/nfl/11497/aaron-burbridge,Aaron Burbridge,WR2,5,San Francisco 49ers
http://rotoworld.com/player/nfl/12305/trent-taylor,Trent Taylor,WR3,1,San Francisco 49ers
http://rotoworld.com/player/nfl/12276/george-kittle,George Kittle,TE,1,San Francisco 49ers
http://rotoworld.com/player/nfl/7982/garrett-celek,Garrett Celek,TE,2,San Francisco 49ers
http://rotoworld.com/player/nfl/12478/cole-hikutini,Cole Hikutini,TE,3,San Francisco 49ers
http://rotoworld.com/player/nfl/11896/cole-wick,Cole Wick,TE,4,San Francisco 49ers
http://rotoworld.com/player/nfl/10737/wes-saxton,Wes Saxton,TE,5,San Francisco 49ers
http://rotoworld.com/player/nfl/3519/robbie-gould,Robbie Gould,K,1,San Francisco 49ers
